Hashtag,Positive,Negative,Neutral,Day,Month,Year
*teacherrobot,0.4422758731623207,0.5577241268376794,0.4950579411301719,10,3,2016
