Hashtag,Positive,Negative,Neutral,Day,Month,Year
*teacherrobot,0.47373659982353816,0.5262634001764619,0.1431487582015922,0,0,0
*teacherrobot,0.5045113651422469,0.4954886348577531,0.12016970573183151,0,0,0
